K][			'Allo 'Allo!
93S
:;K
.2<J			3D Galax
JU_			4x4 Off Road Racing
\;C			5th Gear
555			A Computer Christmas
43U
;S_
.d2
/RX
<9c
68Q
9d^
/DE			A Prehistoric Tale
9_
0=;
.bh
.RS
3ca
>T3
1?]
^/
.:5
5-H
2R6
.CY
2WT
/1=
0SY
3@\			A Tribute To Rob Baxter
A\
[6N
FeO			A-10 Tank Killer v1.0
IIH
=1C
.<6			Absolute Pinball
2>-
/KW
MUK
Fi-
fPi			Action Fighter
AP4			Advanced Ski Simulator
ZOI			After Burner II
6/g			Agresor
GY6			Air Ball
96d
.:L
8.Z
PE_			Alchemy
DQ`			Altered Beast
.;]			Alternate Reality
7BU
4IM
6R0
/=S
4YF
Pe
32O
.@U
fO
4kH
K.
2aQ
1D?
2L-			Amberstar
.8l
C8
14?
4K
.d5
.N:
.e\
;6
0i;
.=C
;\
.\P
9O
/D=
PP
1Q^
.BU
f4
NU
2@
.2N
.RW
.h\
HB
.ac
O@
dV
Z0
6.
.Yb
0H:
/:d
1b@
3M9
9@
0cf
^\
.jR
\8U			Amberstar (Atari ST)
3I3
0l`			Amiga Soccer
CD6
79J
>fP			Amigadeus
<UZ
1^@
0-E
H1g
A5c			Amnios
Y1<
2-h			Ancient Art of War in the Skies
/-d
.E-
?4b
H.
3K:
9[^
NQ
D6O
9EP			Another World
UX[
15:
8G9			Apprentice
59W
;<K
A=[
3>=
64J
@h.			Aquanaut
c^[			Artificial Dreams
.0V5			Artura
.kY			Ashes of Empire
1_`
4TL
5Q;
SA
;hk
/XA
K9L
0lC			Astaroth
1_2
?TD
FbA
BiN			Astronuts game & music disk #22
7GD
3Al
2V_
/l5
9k[
..;
L@
6<l
`AN			Atomic Robo-Kid
8f:			Atomino
Hhc
AG3
.4@8			Atomix
>eE			Australian Pioneers
2JT
J6K
/aZ			Australopiticus Mechanicus
dKd
2?T
4VN
>Q
OPc			Axel's Magic Hammer
>2K
3cU			B-17 Flying Fortress
9_V
AG[
.9`
2ge
G2
2R\
2]d
6>8
/.-
d_
<\
41a			Back To The Golden Age
2D/			Bangkok Knigths
./[9			Barbarian 2
_]>			Bard's Tale III - Thief Of Fate
e3@			Bastards intro
ICU			Batman Returns
]fL			Battle Ships
QgW			Battle Squadron
5gd
<Rg			Battle Valley
J\X			BattleBound
gVh			Battletris +
3^I
=0Y			Beam
aI0			Beast Busters
.]d			Beneath A Steel Sky
1]W
5@3
0O9
1\c
.Q2
0JQ
<Z
330
10Q
2@/
2<E
0L<
?j
1QQ
/[g
4_=
;53			Betrayal
cFe
8I`			Biing
?DO
>/C
GC
/XH
/FW
.`4
2I\
5hi
.Xc			Black Cauldron
2Zl
48^
/8W
bT
.5a
.c-
<F^
.I9
Fh
/8C
4l1
.P1
.2?
QU
D]
Oc
.C:
/._
6D8
OH
/B[
.8T
e5
._T
4Fl			Black Hornet
J1k			Black Lamp
GV`			Blasteroids
0W[
Z2V			Blazing Thunder
].-			Blazing Thunder (Atari ST)
3??			Blue Angel 69
aVO			Bomb Fusion
`Kd			Bomb Jack
KLg			Boston Bomb Club
5K-
A-M
/-B
5?P			Boulder Dash
C</			Budokan
d-=			Budokan (demo)
.R6			Buggy Commando
DTf
>eN			Bumpy's Arcade Fantasy
f?Q			Burger Man
8kT
>.i			Butcher Hill
g4
KV:
4-g
/bZ			CJ In The USA
IiN			Cadaver
5be
35U			California Games
CRV
.i3
j@
YB
1H4
1l^
Cg
.8H
:5O
^g
6lf
.OF
cEJ			California Games II
FF6			Captain Planet
.N-
1>@
.-b
7Y5
./Q
\7
Sf\			Carl Lewis Challenge
D9T			Cartoons
1dY
/I7
3f6
8bR
=X
Y>
<N=
2I^
2A_			Castlevania
@c
29]
.;^
36a
.[J
;]=
=gW
.LI
0G2
H;
1HN
.T.
.H;
/[=			Cedric and the Lost Sceptre
3i;
8QF
4Oe
Ul
VX
3QM
4Sb
3<\
3b4
3OD
1hM
3WG			Center Base
/VP
6=
/ba
Kk1
5-j
5P
0fV
0<e
9<@			Centurion
5?Z
7Nl
2R;
8Ai
/0F			Chambers Of Shaolin
7BA
/26
2f7
g=
2lB
.YE
=HA
0/.
A3l
/0N
J.e			Championship Of Europe
0WJ
bcI			Chips Challenge (preview)
\5e			Chronicles Of Omega
8/O			Chubby Gristle
59E			Chuck Rock
b>b
\DR			Circus Attractions
Y\V			Circus Games
5]k			Classix 1
NY:
5TI
1L4
1Oe
4Ec
XB
019			Classix 2
Ae-
.6N
.5;
?S
6ZO
;QG
/1e
VVJ			Clever & Smart
NK1			Colorado
2We			Colossus Chess X
\GY
8U_			Combine
RVH
gkD			Commando
]Xa			Continental Circus
aa/			Coreflakes
Kf7			Corporation
K9G			Cosmic Bouncer
T`:			Cosmic Spacehead
1-G			Crack Down
IU			Crime Does Not Pay
03h
0fQ
2k>
<;B
7:J
J1
2==
.j@
/Li
0>a
?FK
VYc			Critical's "Promotion"	1990
N75			Crown
40g
/EI
?cE
6^h
?1A			Crystal Dragon
M=K
geh			Crystals Of Arborea
U[-			Cyberblast
C;P			Dan Dare 3
FTh
<I[			Danger Castle
dlG			Darius +
K<O			Dark Fusion
KS			Dark Side
8j=			Dawn Patrol
@DO
5g5
/WW
@E^
P\-			Defender 2
f3]			Defenders Of Earth
c:U			Deflektor
:FG			Digital Debussy 2
EBY
/@:			Dinosaur Detective Agency
8Q/
/6c
2/k
/CZ
8
0Si
42\
72
0HI
:l;
/D?
=PI
Oj4			Dirty Moves
4BM			Disciples Of Steel
IGI			Dizzy - Bubble
4/<			Dizzy - Magicland
7O1
VK/
2OG
.-2h			Dizzy - Prince Of The Yolkfolk
:-D			Dogfight - 80 Years of Aerial Warfare
;@f
58?
CLL
H4-			Dojo Dan
ae
9`]
9f:
<`
0k.
[HW			Domination
0]5			Donald Duck's Playground
g@
15K
.Na
0J_
2h;
`A
.Hd
.K>
33h
cl
6hg
12`
42O
lc
cj
2<M
MS
1GN
0Ri
.>F
E:.			Doofus
4L3
0f2
42\
68;
6Ye
DYd			Down At The Trolls
2IM			Dragon Flight
/aj
0YW
3bi
/23
i
/?2
C0
/V;
3iO
1gC
0gK
3?c
0OO
0.F
1B>
.GG
V2
_Q
5S
84
3;Q
^i
@l
F2
=V>			Dragon's Breath
4FC
/\7
CW
2]e
RO
0`1
:88
9LJ
1<E
LC.			Dragon's Breath (demo)
I<M
WJj			Dragonscape
15h			Duckula
9YR
G\\
9TH			Duckula II
M9M			Dyna Blaster
/\K			Dynamite Dux
C<S			Dynasty Wars
9Y8			Dynatech
<[
A\Z
/YL			Dyter-07
6=V
0C@
ABM
/@[
.8a
2@^
/@R
4NK
K.J			E-Swat
ZJ			EaglePlayer v1.0 intro
`5g			Eco
Z5			Einmal Kanzler Sein
6e
/k.
.cN
WY
AG
3?
4h
gf
1:
AB
N4
.Z9
i7
c.
.^;
L5
X
L;
[Z
E
]h
.6@
0P
?0
Tf
QP
/k-
.1U
.9M
K=
.I>
S@
RX
.4/
.=P
._.
.H
j^
/14
7Z
3d
/8e
<8
a.
2k
Ij
>Y
K-
//K
g_
.3<
.3\
3`
31
SL
Ie
@W
..:
[9
R-
B^
.R?
41
4T
S8
4^
R
/If
fS
.`9
]
.fT
.J.
.1=
.1\
.0P
^A
N[
fM
:9
T;
..f
.W
=`
>:
.F2
]?
Wk
MG
6a0			Elf
.-H
.FA
38f
3kK
al
2QC			Elf (Atari ST)
0EB
5a:
.0g
Ai;
9fH
.dB			Elite
5If			Enchanted Land
:@^
20:
./:
G1
4IC
1j4
8fH
^]
6=_
.UT
.b[
Y1V			Energie Manager
2F?			Entity
18c
1KC
<3@
.@<
]]
0>h
PX
3S`
2JB
6L?
2C;
1C?			Everton FC
f=O			Extensor
f2S			F-15 Strike Eagle II
MFJ			Fantastic Dizzy
Ok			Fashionating
hiS
0N1
0U6
2X`			Fatal Heritage
.-D
Ha
3kR
1`<
Rk<
3/P
.4Z
03
14J			Federation Of Free Traders
W5
7Jd
>cO
R7M
.31
NV;			Felix - Don`t You Want Me
ll\			Feud
LSW			Fiendish Freddy's
;VS
_-V			Fifth Gear
@lS			Fighting Soccer
O6h			Fire & Brimstone
R^I			Fire Blaster
.-I=			Flimbo's Quest
L<I			Flintstones
b;D			Floor 13
;i			Footballer Of The Year II
^[k
.=Y			Forgotten Worlds
5K<
Agj
;=I
83F
cX.			Formula One Grand Prix
g3O			Foundation's Waste
D-g			Frenetic
Z;F
:8T			Frontier
C]5			Fruit Machine
7PY
.5
3=Y
0-e
4GJ
.k
3[X			Funny Funk intro
H^h			Future Bike Simulator
.1:S			Future Bike Simulator (Atari ST)
<Jk			Future Shock
3>i
D4h
/;U
3-b
5^_
6/?			Future Sport
57g			Galaxy Force II
caW			Garfield
I^>			Gary Lineker's Hot Shot
cSO			Gazza 2
j_7			Gem'X
4Kk			Georg Glaxo
I`5
6AZ
3/i			Gettysburg
.6.			Ghost Battle
1[I
5?R
._Q
2;X
/2a
0G1
FA
<Tj
=X\
5=S
Fg
.Z1
DVH			Ghost Chaser
3=V
8a3
<V0			Ghost'N'Goblins
9Oa
DW_			Ghostbusters II
7R\
H-`
X2`			Global Gladiators
.Ll			Gnomie By Night
0Kc
.Y4
1k4
@X
/O;
0:Z
/ej
0k]
:H
cQ
.3W
O_
6.`
/g
0>.
1e6
.cG
>S
cN
.CJ
SD
4^>
0Oi
/5H
.??
1Sf
LQ
l08			Gold Runner
29>			Gold Rush
4D
.8Q
.ag
11Z
.\5
1Nj
.XQ
/.b
/=L
IV
.ih
/<H
1NK
.B[
C[
.VZ
5Q
.C/
.[A
1Y;
8H
.7a
.9c
c>
/@Q
/8Z
Vf
.FV
0RS
1?d
5:
.O1
1FU
5e
3-
..5b			GoldRunner II
^27			Graffiti Man
N`[			Grand Monster Slam
CJ=			Grand Monster Slam (Atari ST)
^D			Grand National
h?g
>[l			Grand Prix Circuit
J2X
BBC
6.j			Gravity Force
Yf8			Great Courts 2
5aT			Greg Norman's Ultimate Golf
3h			Gremlins II
\:b			Guldkorn Expressen
>J=
.1d6			HQC intro
PNA			Hammer Fist
.ij			Harald Hårdtand
::S
?4L
IZj
GV_			Hardball II
6:;
7C\			Harpsichord
2_J
.[S
@S
47I
>k
G2>
SV
.=k
WO3			Hate
2i9			Hawkeye
M/>			Heroes Of The Lance
kC]			High Quality Cracking intro	1988
<F			His Master's Noise
1J
F^
.4
dc
38
.24
3O
6E
9]
fV
AK
=3
.@D
dk
AL
<Q
T7
/M
.O3
.J_
5d
.OJ
Kb
]\
`Q
^:
eD
g-
Rf
/C
1T
6Y
.OD
R\
Cd
L_
.bG
.:P
O.
Sd
=3
?J
/?d
V
4W
1GK
FW
ZZ
]6
/2=
/^@
1FU
2>
cF
61
0C
1`
5B
.M
ZO
eG
1h
1c0
P/
<2
d
Ik
8f
;J
9D
.I.
GW
.K^
CP
Nb
P.
H/
T-
5/
:S
13
\O
/Bi
Ii
3E
.2A
/e
<D
4k
:@
_1
.:I
.E:
D0
/h
BZ
28
aN
/1
ah
Hh
39j			HistoryLine 1914-1918
ed
12C
08J
.^f
9jc
2.T
6E
f\
6?f
/Fh
3F
71X
<k
]3
f-7			Hollywood Poker
7@1			Hollywood Poker Pro
QiB
[fI			HongKong Phooey
5Pc			Horror Zombies From The Crypt
50N			Hot Numbers Deluxe
9PM
N-/
\;j			Hot Rod
@Ag			Hunt For Red October
:[V
2e5
9;>
@T;
/8I			Hunter
e5`
2>b
5i1			Hurrican Commando
5d@
dX
7_N
5E1
15W
3T\
0EC
2g7
.<j
:Q_			Hybris
>[8
d1V			Hyper Drome
LM6			Iceball
BPl
8CS
0<T			Imperial
2T<
CFX
30U			Imploder
6YY			Incredible Shrinking Sphere
Q/-			Indy Heat
;0W
0=9			Infestation
/W`			Insects In Space
L>\
D]<			International 3D Tennis
Q7b
MG6			International Karate +
U[C			International Soccer Challenge
:j;			Ishar
2RA			It Came From The Desert
0PO
0O<
EhW
.C?
@\Y
4P5
=-f			Ivanhoe
3aQ
6iJ
>YU
iE
:.U
1KO
7=Q			James Pond
5\9
<PC			James Pond 2 - Robocod
1`K
9d:
7/<
5R\
:a2			James Pond 2 - Robocod (preview)
:OO			Jim Power
Ok
3XC
1a2
6HR
Je<
9hJ			John Lowe's Ultimate Darts
N35			Journey intro
M\c			Jug
/\:
24b
;aA
@HW			Jungle Boy
5R:			Jungle Mania
0U5
0Jf
d_
8aL
.Vc
1j`
1G@
<=5
;Ja
.G[			Jupiter Probe
.l^			Kelly X
@g			Kid Chaos
N7
0hR
/[\
ND
`.
3a
[\
12=
3g\
.fk
4dO
0eD
.TH
j@
1`D
.3^
P_
07X
/G9
/kP
5QC
1?j
l@
09]
.Fd
6:O			Kid Vicious (demo)
8S0
@L.
CZ6
.Z.			Killing Cloud
JG:
9L9
C5`			King Maker
J]			King's Quest I
Ij
0Je
0:e
0ZF
4^`
.ib
1;N
/E=
/CY
6@^
1[0
0OM
R2
.QD
0f1
1]
1He
/ZY
.[
5A[
//1
6c9			King's Quest II
.c5
4R_
4HC
H_
.S=
El
0k4
.;G
<:i
9X<
/H
5Yi
1.H			King's Quest III
.jN
LG
5IQ
2il
SP
11R
0Ua
8.6
/-f
.hJ
0c
9-
4O
/SZ
1:4
/Z/
TD
/27
.<N
.6=
4_9
P;			King's Quest IV
Gd
.L9
D7
.c9
e@
.AC
.=h
;a
eC
.6E
cc
HO
L/
8e
K9
0B
YL
.J2
/Gd
IH
/.D
4/
/ML
8@
E2
>P
^Q
lF
=E
<[
c\
2L
Of
S
7[
.DM
..g
T7
.?X
.<`
Nj
>X
1Y
VO
AB
1:
ZN
6i
>.
.4H
.Ig
D;
iB
]H
Nl
.0@
>H
:M
.9L
Ei
Yi
.A-
^k
9M
EM
b1
<2
AV
..4
.g7
/OD
4/
2:
j
.<?
f0
/k
.k6
.BN
;Q
1N
@h
ID
W0
Gl
.J@
./T
.K-
<d
.Pk
//b
Oh
Qe
PQE			King's Quest IV (demo)
BD5
;/d
2C9			King's Quest VI
2dJ
/<2
0Gl
?T\
3LQ
006
8H
6C]
C0G			Knightmare
8VT
:M5
33G
<4g
/4[
dN
7@D			Krymini
./:
c5Y
B6i			Labyrinth
2l;			Lagaf' Les Aventures De Moktar
3j@
8dO
.N8
0H-
04.
[R
2=_
4?C
2A-
=D0
VF^			Lamborghini American Challenge
:F0
<MV			Lancaster
BHI			Last Battle
7T5			Last Ninja Remix
BZW
88E
.@d
8`-
5>
`@L			Le Fetiche Maya
3WJ			Leavin Teramis
8Od
Ffe
>1W
.ih
.h>
.;]
.UV
H2
/GN
8h>			Leavin' Teramis
<ai
/Y]
7`I
.RT
/-;
.iW
5]a
/H^
7CJ
/J]
>8
AeJ			Legend
.?T			Leisure Suit Larry I
0f;
0WA
0:
/;V
321
1DJ
.<4
4d[
/Wa
6kX
.9f
0Ke
]:
0F.
4@9
V3
2Hj
LGb			Leonardo
OJd
0iZ			Les Portes Du Temps
@AG
/H`
6=W
5dT
1PF
3ZM
4hg
/RA
^;			Lethal Xcess
.AL
5hj
03X
1R1
3NO
X1
.`9
653
0M[
.7@
.`3
3jC
9hT
2J<
7Gh			Lethal Xcess (Atari ST)
@bJ
U2Z			Life's A Bitch
6:b			Line Of Fire
1S4			Liquid Kids
A=0
13c
f.
/_
.CT
LZ
/Ri
@P
3N?
/DB
2ZJ
43;
2l\
`cg			Locomotion
2g@			LollyPop
3J
4ED
.h]
/:2
9^
.9O
.].
/Af
J0
GV
6<
..?
1dO
1aU
E<
eb
.E0
2NZ
/.?
NN
0b.
084
/gZ
.-_
.-]
14-
.Oe
0iX
19P
4<0			Loopz
.C_
04d
1R`
6VW
6gH
.EV
QB
/El
1@1			Lotus
JBP
.:3
3V0
II2
lOQ			Lure Of The Temptress
2Eg			Luxor
N19			Made In Croatia
JlC
d3[			Magic Fly
>Ud			Magic Johnson's Basketball
Njg			Magic Jumper
DJf
V9W			Magnificent Force Intro
.-j			Magnificent Force Music Collection 2
.RB
1i<
l`
/1
.A3
=I
RG
Z5
@A-
2Gb
.0I
4H:
1M=
/?Z
9?h
/Ak
.fK
.9Z
KU
.eA
.L;			Manhunter I
@S
M7
/I
Af
7L
c2
Rc
.KK
/C6
dA
.BE
9c
3:
JY
/Ij
@P
HP
/55
C0
dl
fZ
/J<
.Jg
/G@
LA
=<
Z`
.?k
7>
Ob
[X
.46
.7E
.F]
3V
eM
=<
0H:
=^
..d
.YO
\A
32
/Ci
@T
5K
22
bd
/6
Z2
JT
/l`
.j:
3g
KF
.9
LF
0.:
.0e
e^
/9W
..B
J\
8=
.@
=Q
L8
.^
EK
LU
/H-
DK
.@:
02]
e>
E8
.NQ			Manhunter II
96
C4
fL
D6
=A
?3
KW
ZG
A2
FC
1Q
1b
;V
JD
7d
2K
e\
K[
G=
51
57
W<
0/4
=
@Q
0H
<@
.?:
5k
.9`
L`
>@
7M
=]
4Z
i^
5Y
OG
.;V
C`
Rj
.8\
.Ka
3-
a>
V/
X^
a-
4i
3a
1J
Lc
.]J
Dc
M7
4f
Nb
GB
2a
.BU
/=
l`
.;[
c_
Ca
F<
<R
.a
:=
\\
.RX
MK
>A
dZ
<E
/C
SB
GI
.E/
AR
.6=
=.
Ba
B4
0V
=4
dC
;X
.3?
eI
4]
D5
<C
R2
G3
B`
A@
Y3
CI
6W
6C
.k
.MX
._B
3Z
?G
fB
>6
UW
3I
J8
G-
=8
@Z
.0B
MT
>Z
.4/
GS
5U
0:
2H
.-9
S8
8R
Q6
K4
BJ
EG
9h
/MR
3S
RP
Ek
==
8g
I\4			Marvin Marvellous (demo)
Q[/			Master Blazer
NGB
CY9			Master Ninja II
7RS			Mega Traveller II
;^.
UM.
J85			Mega Twins
.G@			Metal Masters
59_			Metal Mutant
gj;
AdF			Mickey Mouse
V:0			Midwinter II
FJ-			Mig 29
O[S			Mighty BombJack
B5c			Mindroll
;hI
68.
9NE
Na
5P1
7X0			MiniGolf Plus
f4			Mixed-Up Mother Goose
.?J
1Z1
4/
.iJ
hK
0K2
.ZZ
2SC
.lQ
:a
3]Q
2:
dH
Jd
^_
0AW
<c
0WW
2V
D8
@l
/0.
/96
.\J
0^W
.74
.eF
0N<
.he
_L
.ZJ
;k
Rb
.^O
ON
AV
.^4
0_Q
/-@
.AD			Monster Business
/7-
1W6
6IV
/l?
19b
5\V
NBA
2BV			Monty Python's Flying Circus
hjT			Moonstone
/G1			Motorhead
.-3
F0I
9_9
C79			Mr Blobby
3_\
6XF			Mr.Do! Run Run
5hd			Music Invasion Vol. II
1GI
2iT
/;?
C1d
4J\
8T/
S6G			Narco Police
=7-			Never Mind
``=
1Yj			New York Warriors
TPL
3KF
9S/
/3R
L8G			Night Shift
.4LY			Nightdawn
;?A			Ninja Remix
37^
.G8
2?L
5?;
N@-
U?1			Ninja Spirit
.H=
58>			No Buddies Land
/GT
6iD
3XO
/03
/-9
Pd
.UT
/N>
;O3
3W1
0\[
13A
/HE
Jg9			Nobby The Aardvark
BZ^			North Sea Inferno
=]d
T7C			OCB
12c
08b
@CQ
/>D
2@l			Obliterator
6M5
Aj			Obsession
1V8
PWJ
01b
3i.
.Tb			Obsession (Atari STE)
/SG
1LE
2K-
JjK
4NN			Oldtimer
`E=			Onslaught
aR			Operation Stealth
OdD			Orbit 2000
681			Osiris
1al
.]]
1_V
IfU
4\3
4_5
/l3
R3>			Overlander
][7			P-47: Freedom Fighter
4j[			PTC
^O			Pablo & The Gold Of Montezuma
i2\			Pacland
6lA			Pang
.fj
.ci
.-R
Cg
D?
.06
>Qk
?\
<MP
07M
3_`
37[
.47
5h
F]e			Paperboy
.275			Paradroid 90
Bh[			Passing Shot
5;6			Patrician
b.F
40
C@h			Pervert's Delight
@3Y			Phantasm
.ba			Pictures At An Exhibition
6LP
:.T
0>>
A:
BN
EVF
35-
/Vf
2iP
QeK			Plan 9 From Outer Space
G\Q
0_/			Police Quest I
1]/
L4
7a?
88@
<V
/gO
6B
=U/
6X.
/-W
1[`
0b3
Lc			Pompey Pirates Menu
UF
9iH
aE
2KA
DU
Uj
?LA
?c
Cl@
0;e
i<
.NI
ZTG			Pool Of Radiance
gj7			Populous
a;1			Postman Pat
YS			Power Drift
Je_			Power Drive
750
OHC			Powermonger
.2=			Premiere
Lk
5Wg
/[C
2@R
/N;
5X?
8lB
3Q^
2L[
1.3
.eI
Me
hk			Prime Mover
32_
7Fc
/.k
/PE
.g6
..Q
.gG
;]P
//W
\Y
/1^
/Za
1V5
]?
4QK
0L>
GhK			Prison
.?V			Projectyle
>0
:0\
<Q`
:Qa
3X4
;h=
5;
bE			Projectyle (Amiga)
=A/
2cB
:2F
/4Q
=kd
1.i
73[
;U]			Protector
^]J
ADJ			Punisher
//H
<Ma
96/
>1f			Q-Ball
5lS			Quartet
2H3
2N9
1._
:IG
0_3
P^
2l.
7L`
_1-			Quartz
6AT			Quest For Agravain
1PG			Quick & Silva
\V?			Quiz Master
781			Rackney's Island
F.:
.>N
4h>
.8X
01Y
/aJ
4b9
2@M			Radio Controlled Racer
_L[
4>.			Raffles
[U[			RailRoad Tycoon
@OR			Rainbow Islands
<C`			Rat Trap
Bh/
1I:
7JG
//N
B@I			Realms
;Z_
=Qc			Reaxion
J.3			Replicants intro
:1J			Return Of Medusa
7I7
O59
a7
/IX			Rhapsody In Blue
ET
7K
<XP
/I2
3>b
4j=
?W
/A-
2N8
<d>
2a
1IH
/c[			Rick Dangerous
./DX			Rick Dangerous II
3Ki			Rings Of Medusa
I28
5`L
.\J			Rise Of The Dragon
.1N
fd
2Fj
0OG
[H
/Kc
.9h
ek
\H
.<d
KK
_X
/Wl
8T
.]`
Oe
EL
.BD
.HY
.OA
/<8
iW
.da
j`
.70
Df
6G
9i
Q.
KA
.DE
/<;
85
/OL
@B
4H
.j4
2>c
CI
.:d
6=
gh
.OX
O\
3b
/H0
5M
YW
Nc
_X
AU
.5?
>;
OK
T3
/>\
/NA
Ib
E_Q			Robbo
<-`			Rock Challenge
S<			Rocket Ranger
5K5
6@9
0>C
3Yj
77/
cF
D<
i=
?_
6CJ
.G6
5K
/gG
2@D
5OG
B`			Rolling
3U_
DDL
0Ff
/CL
57k
7UQ
B4
/f4
9PI
5@G			Rotor
^D
>g5
5`g
7=.
^f
N?X			Ruff And Reddy
N04			SCUP intro	1992
N.Z			SDI
f?k			ST News Volume 4 Issue 4
TgS			ST News Volume 6 Issue 1
5K^			Saint & Greavsie
XcI			Sanxion
F8-			Seasons intro
50Q			Seven Gates Of Jambala
/R;
ce
G37
8:W
<BR
dJ\			Sexy Droids
1Di			Shadow Dancer
4`1
SOf
0\K
.eA
3lj
>IO			Shadow Of The Beast
RHc
>Gl			Shadow Sorcerer
ILg			Side Winder II
>6			Simon The Sorcerer
F;
/V_
Ej
.lI
/BP
.2S
/ZV
0><
/GQ
S
11/
.d\
BF
/6O
.:/
0R\
0jJ
.62
7G9
.6i
.Td
.Uk
d/
1kT
1f?
0O?
.AF
U_
.3S
K@
.bR
BOl			Skid Row intro
j6:			Skidz
h9
DQU			Sky High Stuntman
<7i
_1c			Slightly Magic
le0			Smash Intro
25k			Snow Bros.
.hY
3cl
.LU
HW
3RH
CjJ
3Ej
D4
.F-
2Pe
..V
.\M
08P
JI_			Snow Strike
\l2			Soldier Of Light
UFV			Sonic Arranger intro
E=.
\jT			Space 1889
WaF			Space Port
06a			Space Quest I
0I
37Z
.7Z
/D.
/l]
/Jk
4EP
FY
.14
RR
0dF
Dl
D\
^F
4>K
h`
3.]
3G[
03S
0@^
/RO
BX			Space Quest II
;C
1ZQ
0FT
CM
GW
65
Lg
.W1
.TO
.<1
WW
/Lf
`;
_1
.41
.4V
9j
/P8
0>B
1M7
jZ
0a3
2V5
1`
3N<
HD
/\Q
K/
.0O
l0
/E4
/D4
.A_
0a;
/@^
:@Q			Space Station
93[			SpeedBall 2
]e7
E\^			Speedball 2
5al			Spike(y) In Transylvania
A=k			Spindizzy Worlds
GKP
7]\
dW
IX			Spirit Of Excalibur
0K<
fT
.V@
1Ba
1@M
X5
0YP
24
3H[
.aZ
0El
.A]
/O<
1-/
Lc
8S
@
0F
6jI
/5-
.:h
/l5
1-T
.9`
Tk
gL;			Sporting Triangle
.8g			Spot
Qe
.4c
.IA
jB
.IR
f-
gQ
:b
/hB
.ab
024
0Kl
3<b
eJ
/-L
6Fe
.UW
PS
9a[
.eJ
.aZ
58Y
=O
M0
.6=
2X
.L?
7@
U0
^^
[Pb			Star Control
98			Star Control II
.F2
/D
2O1
aF
.0F
.Ie
QF
/90
7M
/SQ
.GR
d0
R.
/bR
Kj
YI
..h
3/
.BN
RQ
@
@c
0]H
IY
YD
TJ
AN
Tb
1ZC
YB
6`
<4
.hE
.J9
D9
WD
Ni
GV
P0
3J
5M
0J
52
.6F
4f
/b[
P<
Kg
.G6
0GR
Mg
.W-
.:G
0E
./-
.NT
.iL
.b-
Cd
T?
gL
/:^
Z4`			Star Goose
AZC			Starball
A6-
<5=			Starblade
A.[			Starlord
KR4
3AD			Stars intro
1AJ			Stellar 7
4VE
6UW
/h4
f\
11k
2_-
;1;
51g
4[.
337			Storm Master
BF>			Stormlord
Tl2			Stormlord (beta)
Ill
[IR			Street Fighter
.4Ia			Street Fighter II
@BB			Street Sports Basketball
/cV			SubStation
3M6
:.[
75J
998
Dh<
2Nj			Summer Camp
j6T			Summer Games
/kD			Summer Olympiad
.-ej			Sunny Shine - on the Funny Side of Life
H``			Super C
0<0			Super Cauldron
3ZB
1_i
4Ml
1TN
5BU
30M
4-B
?d^
]Y			Super Scramble Simulator
ihl
/cO			Super Street Fighter II: TNC
.Lc
13a
1@B
D3
@R
R>
/GX
/:g
;Lh
/@O
/bE
0U?
4>2
.aj
0Y=
^-
1=6			SuperCars
0d[			Superman
BX4			Supremacy
;JB
:ih
h:V			SwitchBlade
FB\			T'Bird
9ZQ			TCB Tracker
U:			TRSI
bAd
g6			TV Sports Baseball
8g?
=l@
1Nh
kE
^0
8[M
gl			TV Sports Basketball
F2H			TV Sports Boxing
?VY			TV Sports Football
Re
0>f
Jd3
3hg
32A
eN.			Tangram
2Bl
CK5			Targhan
iMJ			Team Suzuki
5=2			Teenage Mutant Ninja Turtles
.P@			Terramex
;N@			Terry's Big Adventure
EMW
9[\
7UT
Z/=			Test Drive II
2R?			Thalion Sound Demo
hZ
Ch]
1EN
2iT
3>=			Thalion intro
;T;			The Ball Game
5AM			The Blues Brothers
R/G
AQ;
@U
P;M			The Cycles
ASX			The Cycles (2nd version)
5JE			The Four Seasons
.2;
RT
`/
CJd
3;l
0g.
.Ya
.;7
3>f
9A
1U7
.gO			The Games: Summer Edition
.kT
3_^
9W
;f?
3-[
.S4
6Ua
6;e
9ge
2HJ
2c=			The Games: Winter Edition
=4
0kX
.1g
..X
.h/
j]
.a
.]-
2.P
/Z\
2RC
ZB
/41
\N
.;K
0<[
.=F
6d
/_Q
/\R
215
/V[
/fK
.EV
4GQ
FV
/XP
1h
/F>
.Eb
/gZ			The Settlers
2/F
^00
J>:			The Third Wave Copier V1.0
^Z8			The Third Wave Copier V1.2
D;e			Third Intro
/R			Thunder Hawk
;ff
6YQ
1YO
2U^
7@6
3Kh
0-E
/jK
3YP
0`X
/Pg
9@
PiO			Time Lock
4>O
jX
@kI			Time Machine
5H/
<fk
7-A
4F9
3XG
\Z
.\M
.2^X			Time Scanner
1`K			Titus The Fox
69A
2<?
0@h
25F
[M
9iB
2cA
/Aj
.eh
997
.4A			Toki
46a
@2V
Dc
1=8
4UN
0\d
46
8-R
1U:
/FQ
.KZ			Toki (Atari ST)
.3Q
;.X
1>\
@CC
.Cg
@J4
.QA
BKh			Tomtar
V2W			Top Cat
.4QA			Total Eclipse
b4]			Touring Car Racer
1eh			Tower Fra
7EX			Tower Of Souls
PLg
1_P
;kb
/0V
.k-			Transplant
a4^
ScV			Trivia The Ultimate Quest
9R/			Troddlers
64Z
NkW
]ck			Turbo Outrun
LB0			Turrican
9QD
288
1U7
/[Y
R.J			Turrican (Atari ST)
5KZ			Turrican II
4:7
?ah
49I
7V2
;F
GAk			Tusker
E]U
46R
7aY
.22
35			UFO (AGA)
7>-
.<J
cK
0^`
dL
8?Q
6Z.
@IU			UFO (CD32)
DDJ
S2
/Eb
7^			Ultimate Pinball Quest
O^
6WD
.D0
/>F
4aB
.H>
GK
5Z7
/JF
4Jg
.jC
.V:
59S
;8C
4=F			Ultimate Ride
QbP			Unreal
O<j
2DE			Untouchables
=bj
FRN
.7Z
5jd
3ET			Uridium II
09R
7JO
7\E			Vengeance Of Excalibur
.0W
2YC
EN
8c
/Cj
24F
0@l
2YN
iA
99
1b=
/MB
41\
.lQ
/6;
8//
/5D
4E2			Vibrants Music Collection 1
1R-
.Yl
/RV
^<
.2K
1[X
/;8
1K:
[:
O?
2eO
1IH
3U?
4_U
/-?
4U
0Gb
V@
..8S			Victory Road
I\2			Video Kid
?^L
Z@.			Violator
GS9			VirusKiller V1.3 Professional
`2l			VirusKiller V2.0 Professional
.4;T				1988
`0^			Vixen
c9h			Voodoo Nightmare
.0^]			WWF Wrestlemania
..X.			Wacky Races
HT			War In Middle Earth
13=
/VU
2af
/J]
..[
1M.
.K-
/VJ
D[
bZ
46X
028
46W
.H?
/Cl
/We
2K?
.`F
4L9
1Rh
.R9
Me			War Zone
.3]R			War in the Gulf
P=H			WarZone
@1R			Warlock The Avenger
9Dj			Warp
0D1
10]
62=
3:H
5[_			Western Games
5jD			Where in Europe is Carmen Sandiego?
.bX
`.
/VE
f<
2EU
1[\
0JN
96O
/aV
481
/`S
0c[
1i1
]C
1VO
//<
0KI			Where in Time is Carmen Sandiego?
i]
j0
5A3
?-T
/BA
cO
.HX
/</
2[A
;0K
2GV
.X;
?f			Where in USA is Carmen Sandiego?
0GQ
e?
Gd
15\
/KK
27k
12-
56;
1-V
/_F
1a:
34Y
/3\
6UM
2AC
0`U
^a
.:b
=2.			Where in the World is Carmen Sandiego? (1989)	1989
/-Q
9XO
.2Q
/\F
/JE
7K1
.hl
23Z
2ba
3l6			Where in the World is Carmen Sandiego? (1990)	1990
>8
9/6
5A4
1J
/Af
.2-
/aD
4D9
7TY
1Gh			Who Framed Roger Rabbit?
1ZG
6Z6
CHP
8X0
0`W
2?3
05W
>-A			Wicked
TG.			Windsurf Willy
08;			Wings
.`W
H0_
5iU
.\7
9;R
.Eh
1ON
1GN
U-
\X
0H4			Wings Of Death
/L>
0jR
1Aj
04;
;8M
2[T
7HT
.2@
./_
9>
/Ce
4k
.l.
:7O
0RW
/aG			Wings Of Death (Atari ST)
Pe>
0AS			Wings Of Fury
JW:			Wolfchild
4M5
4V/
32V
.D^
21.
2.Q
VUj			World Championship Soccer
.12b			World Cracking Federation intro	1988
M1>			World Cup USA 94
5F`			World Trophy Soccer
//U
\I=
5d2
5T1			Wrath Of The Demon
`0
e^
>.B
.Y>
1;N
0l7
0I5
.i;
.3@3			Wreckers
:L\			X-Out (demo)
D?/
2Cl
/FT
=5B
ZVc			Yogi Bear & Friends
Jgh			Yogi's Great Escape
APL			Yogi's Great Escape (Atari ST)
:3j			ZaraThrusta
5ad			Zero Gravity
?0I
3ke
6]>			Ziriax
Id
25=
@[9
27e
2F;
6G1
Zi			Zueri (demo)
1bV
7>L
1?
U6
00c
3C[
.VA
i`
4K.
@E.
1`l
6I>
K			onEscapee
D=
WD
9B
/7-
bN
/-
/K.
7g
/JR
5jE
/DQ
/7D
.-Y
.F]
/<R
2=
0bS
;4
3dS
46[
.34
O7
1T]
@/
JL
O\
.Kc
/5X
l<
.Fk
.-7
/K0
2O:
DjQ		???	Kick' Up	1988
1]7		AN Cool	M-Demo 3
?7E
HM7
;L5
?H@			M-Demo 4
CU.
4Sh
.3?
10K
6`0
2-l
jgF		ARC	9 Lives	1990
Ja5		ARC~SEGA~US Gold	Crack Down	
=;S		Ackerlight
594
.F6
0E7
3<c
/-^
.H8
/aJ
9IM
0JK
.NV
0A0
5f9
.j<		Activas	The Musical FruitBasket
4:@
81T
C:R
A^K
Ja
36
e.
1a1
1g4		Activision~SEGA~Software Studios	AfterBurner	1988
fii		Activision~Software Studios~System 3	Bangkok Knights	1989
PW>		Anarchy	Dentro
/Wi			Earwax Collection 1
2Y
/Kh
<BX
6Y
3MF
9<X
2lk
EVX
LZ			Ferry Tales
?IG		Arcadia System	One Play Control Program	1988
Cj7		Arcadia Systems	Aaargh!	1987
iLD		Arcadia Systems~Melbourne House	Road Wars	
..lA		Argonaut~Firebird~Rainbird	StarGlider	
_O0		Astralvision~Millennium	Horror Zombies From The Crypt	1990
3NS		Atari~Frames	Prince	1989
\^L		Atari~Mindscape~Tengen	Gauntlet II	1988
U`H		Audiogenic~The Assembly Line	Helter Skelter	1990
NC		BOMS~Teque	Club & Country	1995
heY		Binary Design~CDS	Steve Davis Snooker	1989
>a>		Binary Design~Mastertronic	Motorbike Madness	1988
V=;			Speedboat Assassin	1989
T2/			Vector Ball	1988
:91		Binary Design~TradeWest~Virgin	Double Dragon	
6lB		Binary Design~Virgin	Double Dragon II	1989
9ae		Black Monks
..eX		Boozoholics	Dance Extravaganza
Z0			Monkey
AHO			Robinson Boozoe 2009 invitation
`a^			Some of The Other Entries Might Have Been Acceptable
9B2		BrainDeath~Maxon Computer	Exxon
O9.		BrainWave	Imagems	1993
DRS		Broderbund	Typhoon Thompson	1989
f2:		Broderbund~Cachet	Drol
4-7		COSMI	Super Huey	1987
;@Q		CT Verlag	Starians	1991
jec		Cachet~Rainbow Arts	Shooting Machine	1988
.1V5		Canvas~GO!	Wizard Warz	1987
[fJ		Capcom~US Gold	U.N. Squadron	1990
D-B		Choice~Ocean	Daley Thompson's Olympic Challenge	1988
ML=		Cinemaware	Defender Of The Crown	1986
8gi			King Of Chicago	1987
SjZ
gFf			Sinbad And The Throne Of The Falcon	
CGW		Cinemaware~Mindscape	S.D.I.	1986
XaZ		Code Masters	Qbic	1992
_Wb		Consult Computers~Domark	Vindicators	1989
6_O		Contraz	Micromonster
VJF			Retrospectacular
.RF		CrossTechnics~Sphinx Software	Intact	1989
QeC
a[`		Cryo~Virgin	Extase	1990
.4SZ		Data East~Elite~MotiveTime	Joe & Mac - Caveman Ninja	1992
I@i		Defjam
.1O		Delta Force	Syntax Terror
1GY
0Si
13`
9/W
0R=
4Ej
.5[
.QK
2iP
.G]
1Yk
6PQ
8=
2PQ
67:		Dimmen Produkties~Magnificent Force	Zitrax	1988
L-W		Dinamic	Grand Prix Master	1989
I\^		Discovery	Zoom	1988
3OG		Domark~ICE~Tengen	Hydra	1991
JEi		Domark~LucasFilm~Tengen	Return Of The Jedi	1988
VGR		Dwagon Computers & Software	The Saddam Hussein Game	1991
R1N		Dynafield Systems Game~International Computer Entertainment	Deep Core	1993
;2[
1R`		Dynamix~Electronic Arts	Sky Fox II	1988
4A@		EAS	Limes & Napoleon	1989
@IT
`BS		Eldritch The Cat~Electronic Arts	Projectyle	1990
e:c		Electronic Arts	Adventure Construction Set	1986
KAI			Imperium	1990
B0X			Keef The Thief	1989
h4@			Ski Or Die	1990
CS7			The Immortal	
MlE
D\g		Electronic Arts~Fall	Swords Of Twilight
KHe		Electronic Arts~ISD	Return To Atlantis	1987
=@]		Electronic Arts~Interplay	Bard's Tale	1986
9^2			Bard's Tale II	1988
=JR		Electronic Arts~Mirage Graphics	Earl Weaver Baseball	1987
2bl		Electronic Arts~Sandcastle	Zany Golf	1988
@Lh		Elite	Elite Intro	
.-PG		Empire~The Assembly Line	Pipe Mania	1989
CO9		Endless Piracy
/5F
TTg
42H		Endless Piracy~Level 4	State Of Mind
B_K		Epyx~Novotrade	Impossible Mission II	1988
R]4		Epyx~Sculptured Software	Destroyer	1987
PV1		Epyx~Westwood	Temple Of Apshai Trilogy	1986
.c			World Games	
6F-
53O
9IL
4jI
7R
.`F
2lJ
2NP
@87
eGb		Eremation	No Outlaw Anymore
.DQ			Outlaw Issue 2
.-O]
jEP			Tourists
ZWF			We're Still Alive
G=?		Expert Software	Sky Blaster	1988
<[-		Exxos	Purple Saturn Day	1989
Z3		Firebird~Images	Flying Shark	1988
.S^		Firebird~Magic Logic	Golden Path	1987
7d[		GameTEK	Gluecksrad
2SL		Genesis	Jochen Hippel Music Demo
7R@
BO
/B;
DYC
.Ub
4\5
;CB
/VG
^\S		Gnu Design	Skizzo Demo II	1993
Z8\		Grandslam	England Championship	1991
.3BH		Gremlin~Magnetic Fields	Lotus II	
X;.		Hewson	Zynaps	1988
.2[@		Hitech Productions	Full Metal Planete	1989
dDQ		Hurricane	100 Bobs
GKV		ICE~Image Works	Cisco Heat	1991
=PS		ICE~Ocean~Taito	Chase HQ II	1990
94N		Imagine~SNK Shin Nihon Kikau	Victory Road	1988
gPI		Imagine~Taito	Arkanoid II	
5g		Inner Circle	Decade Demo
:k
1_T
/<a
00C
0c/
0[<
0e5
0P>
0UC
2<c
/?Z
.BY
/4b
>3
0i[
0AX
5J=
.L9
^`
//B
0F
.0j
.19
3G3
061			Insignificant Demo
0a>
.J.
36`
0;2
5A
/;3
8>K
72W
80I
4.b
1_i
1:\
>D			Little Music Demo
?a
8:K
6Nk
G-8
4ZD
5QM
4e_
M7?		InnerPrise	Globulus	1990
@D]
48?		Innerprise~Parsec Software	Persian Gulf Inferno	1989
bYh
;.A		Interplay	Neuromancer	
/;.		Iris	Noise From Heaven 1
0M;
.F8
.1^
f6
74i
:/6
4B>
.CX
/-F
Rj
4>h
0P8
6Q<
0>T
1B3
0ZO			Noise From Heaven 2
/1i
.`;
0IL
/eA
.9F
1BK
/:>
AC
2iI
6CM
.bS
1MY
.O9
.L^
P[
0;`
/gH
S]
2Mk
/SV
0DZ
2CM
Kc
.Bk			Noise From Heaven 3
0K3
.XL
/lF
8>
WJ
1B.
1=F
2YN
Rf
k]
0b6
1ZW
:N8
1g\
.BK
2Th
1>T
/5A
jB
GX
06_
=?k		JALECO Ltd.~Random Access~The Sales Curve	Saint Dragon	1990
2S8
6J?		Jean-Sebastien 'Jess' Gerard	Atari ST mods
8I8
UK
YC
1UD
0-.
0VS
4<?
A:
18U
<VP
486
.K>
.-[T		KOEI	Bandit Kings Of Ancient China
@@l			Genghis Khan
>TO			Nobunaga's Amibition
2L^			Romance Of The Three Kingdoms II
FE-		KingSoft	Gotcha!	1987
7G5		Kvasigen~Spaceballs	Fettkrem
K[J		Lankhor	G.nius	1988
Cgk
N`8			Outzone	1991
70\			Rody & Mastico	1988
\e6			Vroom	1991
<X`		Linel	Crack	1988
f;=		Lizell Design~Magic Bytes~Parsec Software	North Sea Inferno	1990
=I:		Logotron	Star Goose	1988
gl2			Starray	
lSh		LucasArts	Indiana Jones And The Last Crusade	1989
f9^			Loom	1990
S4e		Magic Bytes	Air Supply	
7`[			Blue Angel 69	1989
A>2			Magic Bytes Intro	
Iba
.-6E				1990
>Fa			Tom & Jerry	1989
\KG		Magic Bytes~reLINE	Pink Panther	1988
RNk		Magnetic Scrolls	Corruption	
Lej			Fish!	
D<=			Jinxter	1987
S<[			The Pawn	1986
?@=		Mandarin Software	The Pioneer Plague	1988
./NW		Marjacq Micros~PNC~Rainbow Arts	Conqueror	1989
73U		Martech	Nigel Mansell's Grand Prix	1988
bB/		Mastertronic~Sculptured Software	Ninja Mission	1987
I2i		Mature Furk	Lapsuus	2001
WMU
.40;		Maxis	SkyChase	1988
7O:		Megawatts	A Taste Of U4ia
4Ih
63f
GR\
.31
7B@
Nki		MicroIllusions	Discovery	1986
\?[			Faery Tale Adventure	
]Q/		MicroStyle	Rainbow Warriors	1989
.=D		Microdeal	Karate Kid II	1987
F-e			Tetra Quest	1988
4MR		Microprose~Spectrum HoloByte	Super Tetris	1992
gVX		Oase	Brain Challenge	
NkS		Ocean	Puzznic ST	1990
.0>8			RoboCop	1989
.17<			Wizball	1987
./l`		PAL Developments~Virgin	Protector	1989
<.T		Paranoia	Necromunda
/4.
/8.
0B6
:bM
7bD
/k8
D;
.:9
3@Q
8Pf
.Yd			Son Et Lumiere
3W7
.=N
1AD
./4
0B]
3U=
<0-
7=P
9MH
13e
LO`		Parsec Software~World Games	Way Of The Little Dragon	1987
=<1
.>4		Probe~Virgin	Supremacy	1990
>F=
KU`
5U<
G:F		Psycon Software	Cybersphere Plus demo	1995
MZY		Psygnosis	Agony	1992
1d`
SGR			Brataccas	1985
8S>		Psygnosis~Scenario Developments	Obitus	1990
\TX		Quest~SSI~Westwood	Questron II	1988
3El		Rainbird~Realtime Games	Carrier Command	
F.@		Rainbow Arts	Spherical	1989
IO			Turrican	1990
MAX			X-Out ST	
Q:h
TK
6Ye		Rainer Wolf	Think!	1991
4Ik
;Xh
9B?		Random Access
9ak
BQg
3^;
8ON		Random Access~Taito~The Sales Curve~Virgin Mastertronic	Ninja Warriors	1989
GO5
R--		ReadySoft	Space Ace	
:6P
F<i		ReadySoft~Visionary Design Technologies	Dragon's Lair	1988
0a@		Ringard	Megademo
41B
6G`
2XL
/Pk
/]d
.\:
F1
/_V
091
6cl
R5
BA
=T.
QV-		SEGA~Tiertex~US Gold	Thunder Blade	1989
BJ/
d/S		SSI~Westwood	Hillsfar	
./S?			Phantasie III	1987
`eL			Roadwar Europa	
;RY		ShapeShifters	Quest For Galaxia	1993
BOJ
0/C		Sierra
/B\
l3
.-
6I
/Kd
73
._Y
L;
E?
;>
Ui
1F
?1
/>k
.JS
.d4
0bW
2;
.hG
7]A
/j\
/Uk
]_
.<
/.S
6`
/:3
a4
=F
.GA
XH
GP
00]
8C
BN
00J
./
9j
0=Q
/.\
..\
.`
0I
W<
\c
/Ok
Z=
G
I
/Z0
JU
FjY		Sierra~Walt Disney	Winnie The Pooh	1986
WG8		Software 2000
.0C		Spaceballs	Cashew Peanut
jM2			Dark Helmets	2003
.1T9			Hog
M\0			Norwegian Kindness
JF=			The Plague
/;I			Whatever Rocks Your Boat
0gE			Wish We Were In Italy
;Vj			You Are Lucy
@D.		Sparky	Quartet Music Collection
6;7
SW^
2^Y		Spherical	Quartet Demo 2
9PK
1Gf
.JT
;A3
3k/
93_
2WE
=<?		Starbyte	Sarakon	1990
ZPi			Starbyte Intro	
\k>		Stavros Fasoulas	Galactic
0Z7
./dR		Subway Software~TyneSoft	Mayday Squad	1989
3UN		Superior Software	Bone Cruncher	1987
8a8		Synapse	Mind Walker	1986
JBF
j2f		Taito~The Edge	Darius +	1989
MXa		Terrific Software	Knights Of The Crystallion	
R]i		Thalion
0bB		The Assembly Line~US Gold	Sphericule	1990
.2<e			Vaxine	
3QA		The Carebears	Cuddly Demos
<IV
24W
NbY
3Jk
4H?			Sowatt
8;_
/bI
Ad[
0.-
7;G
AJg		The Champs
/Zg		The Jungle Command	Music Invasion Vol. I	1988
0-W		The Lost Boys	Life's A Bitch
:83
8-h
/VG
672
904			Mind Bomb
jV
4g_
B/]
G2E
:76			Ooh Crickey Wot A Scorcher
7;_
J@
.6U
5P]
1S3
j1
29D
61l
/iK
/ZV
66i
Eg		The Opposition	Reflex
1Pi
9[3
_2
>G6
8WK
.M/
<PC
[MO		Titanics	A500
N25			Deluxe View
/2_			Sesame Street
27D
0Lh			Titan Trax
6iG
6]]
6JU
>Vg
1C7
8:l
.P@
eGU		Titus	Battle Storm	1991
cAZ			Crazy Cars	1987
..=			Crazy Cars II	1989
XE8			Dark Century	1990
.Wg
Td>			Dick Tracy	
QW]			Fire & Forget	1988
QIE			Fire & Forget II	1990
O`E
ITV			Galactic Conqueror	1989
:`2			Knight Force	1990
QVL			Off Shore Warrior	1988
UBe			Titan	1989
/YJ			Wild Streets	
<\;
.-]1		Tristar
XZ		TyneSoft	Winter Challenge	1988
/Nb
?XW
2Q:
:C=
@iO
H.7			Winter Olympiad	1987
M`
;Tl
0X0
7iG
7V_
?l3		UBI Soft	Iron Lord	1989
]0F		US Gold	Road Runner ST	1986
3c[		Unique	Vauxhall
J5		Unlimited Matrix	Dark Side Of The Spoon
:2W
d:
23.
:C
.<5
RY[
a>
3Qi
.18
.-^S		Vortex 42	First Demo	1988
j_h		Zeppelin Games	Jocky Wilson's Darts Challenge	1990
;1i	Adam Caroll		Janosik
9Nh
TFN
@.f	Adam Pracey		Magic Garden
1Ul	Adam Skorupa		ABC Chemii
HMP	Adrian Waterhouse~Nigel Pritchard		Netherworld
=fa	Anders Nilsson		M-Demo 1 by AN Cool
D?Y
80_
<PL
0gl
KLF			M-Demo 4
_Z;	Andreas Hommel		Cyberblast
B7/	Andrew Barnabas		Aladdin
HQT
1<i			Cool Spot
/C6
[40
T@	Andrew J		Boppin'
e9
1Ul
3<F
EAg
0G[
.;H
0ST
3.k
.Qh
.;2
Gf
/IC
BG
.MH
M]I	Andy Rodger		Works Team Rally
2_9	Andy White~Toby Van Der Peer		Holiday Lemmings
D6X
:N\
43:	Axel Degwitz		Vindex
f`?
.1IK	Barry Leitch		Airborne Ranger
\7I			Dna Warrior
0hk			Gilbert - Escape From Drill
LF.
3JO
1Pc
6Sc
8\-
I<
.>;
.hT
60=			Harlequin
=OK
.X5
.h4
gb
.@k
@W
Zb
1-R
:7Q
1kW
1?a			Impossamole
NCA
J\C
?f^			Lotus II
.ZX
3`L
gU
4GE
.-X
17[
79O
/77
0-Y
Ug
40T			Microprose Soccer
0<L
7BI
.AH
/bc
@P[
0h7
0:-
.J>
1X2
A3
1Db
/;<
/:@
V_
._@
l5
36N			Pegasus
CXf			President Is Missing
>a[			Silk Worm
X9Y			Stratego
1_g
P5<			Utopia
3N.
1hX
1T\
3@=			Viking Child
.cI
.hg
=G
1]9
1lK
?L
W.
a8
.>]
4^6
4hl
/e\
0I\
;a
5S3
52b
/S1
N?
@<
PE
D.R			Xenophobe
/H@
.eB
5d`
87k
2AU
5P.
3U4
lf
YX
f\
.^H			Zone Warrior
2<7
;J@
9YO
/NJ
.MF
c_
5;
2GC
/5;
Bd
1kf
13f
0-]
.:b
`]
0>P
2<L
3g
.J=
PAk	Barry Leitch~Dean Evans		Lethal Weapon
j03	Barry Leitch~Keith Tinman		T.F.X.
0F/
._3
/W=
7i/	Bartek Wróblewski~Marek Wyszyński		Alien Target
7F:
PBI
3HZ	Bjørn Lynne		Brat
1`j
;2_
FkC
2gg
:Ga			King Of Karate
/gD	Brian Johnston		Lemmings (demo)
JN
3.h
.A`
0Ql
05]
4>U
/9H
/.@
/FC
433
<BC
2WR
/[E
2GC
6C
hf			Oh No! More Lemmings
?Ol
/N>
K4R
0H[
1dC
/=V	Brian Johnston~Tim Wright		Lemmings
Il
.IX
/_U
.^4
=H
6hI
0GM
W-
/5l
/5U
U[
.S<
KL
_b
@k
5U>
0^Q
/5M
/0c
6Zl
602
N:J	Carlo Demichelis		Basket Manager
/7M			Football Champ
8=l
/77			I Play 3D-Soccer
TO`
.218	Charles Callet		Sierra Soccer
ZP
FdQ	Charles Deenen		Unreal
VZU
G]`	Charles Deenen~Steve Collett		Rubicon
=A2
>VX
/]l	Chris Glaister		Lost Patrol
EWS
9B]
\I1	Chris Huelsbeck
.7.			Apidya
]9g
jZC			Apidya (demo)
8kV			Apidya - War At Meadows Edge
0OE
4Z3
9dC
B0`
5KV
38:			Battle Isle
R09			Bug Bomber
E]5			Bundesliga Manager Hattrick
e]
1/a
.HU
1Si
/E1			Caribbean Disaster
0E/
5g\
9Z
=cQ
k/
1iY
0HG
/\N
9S
4[G
0I0
W5
6b2
>Gb			Carl Lewis Challenge
a36
N[L			Carl Lewis Challenge (Atari ST)
cR_			Death Trap
64			Denny
<\O
<\A
A_5
2e]
/B/
^l
.Nj
/T9			Gem'X
8I3
1.F			Gem'Z
4>h
KY
:SY
8fD
51N
3VQ
gRb			Gem'Z (beta)
6HI
;;<			Hexuma
.:O
.?F
>JX
:39
1U3
2\0
4Y/			Jim Power
JB
21_
39C
U2[
/3]
12?
.2TH			Jim Power (Atari ST)
<f]			Jim Power (demo)
//_			Jim Power (unknown version)
6Jk
BUh
.90
3=5
:h@
M=1			Logistic
L8O
5Z]			MUDS
Af
Bke
:F
B.?
:5j			Master Blazer
.Pf
22M
0QU
EBR
1eD
XMI			Master Blazer (Atari ST)
6_H
YOC			Metal Law
RCS			Quick & Silva
5gQ
B=I			Quick & Silva (Atari ST)
.-4A			R-Type (remastered)
FAf			Sunny Shine - on the Funny Side of Life
?@;
ET.
.4H9			Turrican 2
272			Turrican 3
/<\
7:b
Dde
0>=
C
3e8
.ID
/Q2			Turrican II
<QU
78Q
B<C
;0j
19/
2e1			Turrican II (Atari ST)
.46			Turrican II (demo)
/S9	Chris Huelsbeck~Rudolf Stember		Factor 5
DYK
KXD
/E^
e>_			Secret Of Monkey Island
<N`	Chris Huelsbeck~Rudolf Stmber		Z-Out
1Pk
?eQ
3UT
2Fl
/L4
:L[
/AZ	Chris Link		BackStage
BOk
@H4
4J3			SkyWorker
5lK
>6T
@>Q
3hg			Soul Crystal
26Z
.Vb
kW
7/h
.h
4i
7X
.5k
17^
..`
31g
2U
7cY
.?Z
3=M
5OX
/a`
1Y@	Christophe Fevre		Prehistorik
2\R
:ML
3P?
:-1
3bJ
6<C
2CE
3Cd
08d	Claude Abromont		Bush Buck
6<
/?F
1DY
?@
EH
0f@
0PK
RP
29X
]I
.O`
2f=
3ei
3CW
6JA
32K
AB
/Ue
/D2
P/
VU
.][
WP/			Sliders
]GK	Claude Abromont~Dominique Gillis		Highway Patrol 2
.jT	Clemens Helbock~Hannes Seifert		Burn Time
59N
4QD
Cj
33K
.1@
/26
.XE
1gM
.UF
0]M
2@E
1]5
WJ
RD
.[B
/B-
1Lb
RQ
0A8
/?C
39`
84S	Daniel Schlichtholz		SpeedRunner
:2<
9;T
<H	Darren Wood		X-It
0I.
@6\
[>
F;.
3?4
36F
.FM
.Ba
.-XP	David Alonso		Les Portes Du Temps
6_N	David Hasler		Elvira
7a`
0Th
80^
/-\
?ND
14T
gf5	David Kelly		Dragon Spirit
7?h
ji6	David Warhol~Rob Hubbard		Hard Nova
6E.	Dean Evans~Jonathan Dunn~Keith Tinman		Push Over
/4B
4\S
38I
1A5
0`d
.7H
/1F
6-b
?6\
2=g
Gl;	Dean Evans~Keith Tinman		Hook
bZi			One Step Beyond
BQf	Dirk Magerkord		Gun Shot
7S8	Fabio Cortese		Dylan Dog 14 - Il Bosco degli Assassini
/@W
cJ
.h[
0;W
<EP
33f
19<
0=i
2Ni
0;7
22;
2XY
Eed			Dylan Dog 15 - Inferni
07W
0IY
1kf
YG
=DH
.Y8
0:k
/A>
1aZ
P`			Dylan Dog 16 - Fantasmi
1J1
ZAl
.;L
0=d
1>O
3R@
0^V
2<T			Dylan Dog 17 - Il Cimitero Dimenticato
4IZ
17@
QL>
/UO
WQ
YZ
[E
5LK
1ci			Tex 10 - Kento Non Perdona
9d
20l
9l7
.dQ
3KE
96Z
>Z\
19=
;RF			Tex 11 - Duello All'Alba
2Y7
/Nc
2B]
??f
5\/
0l>
0hV
3AU
hK
68O			Tex 12 - La Mano Rossa
6VS
02=
48Y
=HL
60U
0D]
27:
?1
.>8
4V3			Tex 9 - Il Fiore della Morte
8Ja
5d
6i/
/5k
0i2
61C
5le
9Jl
/c9
WF	Fabio Cortese~Gian Luca Gaiba		Dylan Dog 7 - Gente Che Scompare
76O
.dA
3f=
@L
/B9
4Ga
//2
<^l
3j:
9^C			Dylan Dog 9 - Il Male
`9
51^
:g
2LM
2Ih
Pc
>K<
2dJ
9IZ			Simulman 2 - Nella Morsa di SS-DOS
<WY
5ia
3FZ
.a.
/W`
.1<
4]L
5K`
>CN			Simulman 3 - Nel Regno di Doors
kX
JLT
gM
1:F
1jf
.`R
1-^
/d-
1^.
1U7			Tex 8 - Dramma al Circo
4Qa
AY
5dI
>7B
;Ii
.]c
O9
:WA
/E3
cPh	Fabrice Hautecloque		Xyphoes Fantasy
4bh
FI.	Felix Schmidt		Excalibur
?PZ	Frank van Eykelen		Skate Of The Art
V.@
/BK	Frantisek Fuka
.0j\	Frederic Bouqerel		Adrenalynn
0N0
1S5	Frederic Bouquerel		Overdrive - Civil Defense Unit
.b4
;K@
3bM
4@V
l=
6N-
/hO
69h
2JD
0;.
.ET
<\\	Frederic Hahn		Cybernoid
0BZ			Music Examples Part II
3>.
1;\
CbC
;jF
69X			Sound Machine Part I
B:l
AF]
=GR
3AC			Sound Machine Part II
C:7
HHd
:k]
>d@	Frederic Motte		Brainies
B5.
1<Y	George Allen		Venus The Flytrap
.Kk
0i
.j`
1F=
C/
.<H
.RC
\6
8-E
20C
DV\
3fJ
4=>
3Xb	Gian Luca Gaiba		3D World Soccer
1D
/k=
YJ
6fN
1G;
0d
2C=
0la
W/
11c
.Ei
2;X
1FY
@D
:MZ
.4F
0DM
.hQ
.0Q
6P@			3D World Tennis
1g5
;[/
4fW
.5i			Diabolik 1 - Inafferrabile Criminale
1V4
0:I
/7X
8\k
BI_
.6^
/R1
0H?
>X:
;e
2NU			Diabolik 10 - All'ultimo Sangue
/Ob
2N:
/h
.e`
.FC
1:k
?NX
K1R
3WA			Diabolik 11 - Inganno Fatale
2l9
9U\
/L
Y;
2]N
.eU
E`H
1e
19B			Diabolik 12 - Terrore a Teatro
/9]
Hc
51i
2h
3/S
2N7
.Ng
1>K
/?F
7]W
.49
.>M
0HX
?2X
4IS			Diabolik 2 - La Gemma di Salomone
3]Y
.F0
1:N
1>D
5ZO
B<i
1fb
.=T
.i_
3]l
1R^			Diabolik 3 - La Fuga
/-7
1ZI
3_9
=4
2H?
/-O
.eN
:l[
2Q4
=l3
h2
0:Y
.7_			Diabolik 4 - Trappola d'Acciaio
<]8
5Cl
/f[
..:
2_W
0/X
23C
6E[
2=j
3`I
2f[
BGk			Diabolik 5 - Ore Pericolose
0I0
6c^
2W9
3`T
J^
1fa
g:
.Cj
33M			Diabolik 6 - La Notte della Paura
11:
/;d
3[E
>[^
/cW
0Bc
::<
/^9
.XZ
1C6
0I?
/Zb
EaI			Diabolik 7 - 4 Diamanti Unici
/a2
_<
.?D
/O>
;B3
3[`
4=S
4:Z
3NV			Diabolik 8 - Un Piano Perfetto
6C1
BBa
A\W			Diabolik 9 - A Caro Prezzo
<;5
1G6
18e
.b/
DW_
.jY			Dylan Dog 1 - La Regina delle Tenebre
>C
.bZ
.L.
0X1
.FW
:[T
2=[
3.V
.5I
6<g
8Pc
2i^
A/
>O4			Dylan Dog 10 - I Vampiri
1KC
.M;
h.
48e
:9F
3g\
5Y?
.R7
F9V			Dylan Dog 12 - Il Lungo Addio
aO
3[B
.lb
/KL
^W
3j?
/72
O@
6Z]
/Fa
0.7
/Fh
9UJ			Dylan Dog 13 - I Killers Venuti dal Buio
jD
5[7
3a]
NX
B/;
;^
4W_
1GQ			Dylan Dog 2 - Ritorno al Crepuscolo
8RT
4Y9
1ZC
0k;
23@
/2a
4EB
7;W
0M-
.C5
7D
/9a
M^			Dylan Dog 3 - Storia di Nessuno
.k5
4^Q
.BJ
8SY
0TL
.H0
0[4
0=\
.4c
1[`
71P
=4<
0N_
1kM			Dylan Dog 4 - Ombre
FY
.2L
0_g
.eW
.=C
/d^
/IO
BQ`
<1:
[X
;4A			Dylan Dog 5 - La Mummia
7\?
1SS
0cX
TY
J@8
:P
.0D
.XV
.eO
0Lc
>Q			Dylan Dog 6 - Maelstrom
/gg
<`d
.J\
4@X
/Z^
0Yk
/B>
00F
2`D
8-9
0@R
77C
.KH
/?S			Dylan Dog 8 - La Clessidra di Pietra
1Gd
KV
/Ne
5GD
C`
8:]
3QH
0f4
/dd
>8P
cj
\=			L'Uomo Ragno 1 - Il ritorno di Hobgoblin
`6
/7a
6WQ
EUI
@2
.HU
1VA
7GJ
3h:
4HR
9/			L'Uomo Ragno 3 - Destino Incrociato!
/`R
=Uc
@T_
6U.
;Y			Simulman 1 - Simulman
CkT
0el
d3
>1R
28M
0D-
.Kk
0ZN
62
1AA
2FT
2gb			Simulman 10 - Pentagram
0T/
0MR
8W]
.>P
HQ
.e:
>a0
516
=L2
8=c			Simulman 11 - Jailhouse Rock
h/
@[1
2=T
2:i
[O
7jY
<53
0ja			Simulman 4 - Il Mondo Simulato
2GN
44c
7Q
2[R
DX3
509
4gJ
@:
/-L
0BP
@:[			Simulman 5 - I Rapitori di Sogni
.HX
/?_
?[j
5?4
0@[
7NY
2P8			Simulman 6 - Luna Park
5;4
.WR
YY
/BS
095
BWa
/QN
Cj>
U5
4`]			Simulman 7 - Il Grande Freddo
<D
67C
.>Z
/2@
0KM
21i
?j]
9K-
9\			Simulman 8 - Il Giardino Virtuale
.<X
.>6
2f6
l0
/FP
/ER
0?k
2fT
0_I
;E;
0G
/]X
0U.
.2T			Simulman 9 - Il Giocattolaio
M@
8dX
1<h
30A
E\
@J[
.GG
1b1
E@
;Al
03c			Tex - Piombo Caldo
/\c
.`?
.GP
2]>
0>[
0>9
.?1
/Bc
18:
/`:
1/c
9@
5R-
30K
49T
/WZ
5Ef
4<M			Tex 1 - Mefisto
0NB
4Gh
4XX
2d.
Jc
4l`
2\X
5l?
7QI
A<F			Tex 2 - Il Drago Rosso
.9K
.kA
0\9
.47
36=
19D
;J
3;=
1gX
@A[
;6U			Tex 3 - Spettri
P<
0k>
0Ui
3];
BVB
>>>			Tex 4 - San Francisco
FE<
22>
2;B
4Bk
085
1MG			Tex 7 - El Morisco
6Z\
2.[
:<e
FA
.Q
.Dc
2FS
4SF
5TL
9U4
;4O			Time Runners 1 - La Porta del Tempo
/@1
AQO
5VS
;8a
:=A			Time Runners 10 - La Sentinella del Tempo
5MM
2T
2H@
<RV
05_
BQc
<SG			Time Runners 11 - La Citta' D'acciaio
/>-
0??
/fL
/^i
LXN
3W=
=O.			Time Runners 12 - Nel Mirino del Cyborg
C=W
/;0			Time Runners 13 - Cyberkiller
=iG
7E;
/8F
8@j
/4N			Time Runners 14 - Toraxid: Stella di Guerra
\L/
;;L
2_L
hQ
D3[			Time Runners 15 - Alla Velocita' della Luce
3dI
A[B
A50			Time Runners 16 - L'imperatore della Galassia
6AS
Lh
U6^
<L1			Time Runners 17 - Il Labirinto Vivente
?4:
6`Q
1NB
.X;
:GC			Time Runners 18 - L`ombra Che Uccide
AF>
4IQ
.8Y
3^4
:MI
/QF			Time Runners 19 - Il Principe dell`incubo
AV;
L7J
9bN
.G^
WD
4U-			Time Runners 2 - La Pietra Spaziale
/[U
3BW
.78
9HX			Time Runners 20 - Le Montagne della Morte
2<N
1@g
.\3
C0`
3X^
>MR			Time Runners 21 - La Maledizione del Drago Nero
@LA
.-5
3/B
0gX
.0j@			Time Runners 22 - L`eterno Dannato
/[;			Time Runners 23 - Il Monarca del Tempo
6MF
C<Y
LJe
22V			Time Runners 24 - Oltre Tutte le Dimensioni
P8U
Bah
2M2
[g\			Time Runners 25 - Il Perduto Pianeta Terra
.0[
:E6
;g
6]S			Time Runners 26 - Il Guerriero del Tempo
3dW
JZ8
B?Y
RR^			Time Runners 27 - Notte rossa
RTR			Time Runners 29 - L`ultima Rivelazione
811			Time Runners 3 - La Grande Fuga
Al5
@7V
7RX
/9l			Time Runners 30 - Duello Finale
4Bj
<gb
9U>
.2_
1>7
3Xi			Time Runners 4 - Il Castello della Paura
;G<
S90
8Q<
5@Z			Time Runners 5 - Il Cavaliere Nero
@HD
L[`
3dC			Time Runners 6 - La Foresta Stregata
.PI
00M
TQ
]WV
6FP
<:T			Time Runners 7 - Nella Terra degli Invasori
2kJ
6aP
0I9
GP2
21c
/cI
.HF
4/G			Time Runners 8 - La Fortezza Inespugnabile
1=b
0L4
/ZE
4.I
7BL
2X-
:lc
2D.
_a	Gian Luca0Gaiba		L'Uomo Ragno 2 - ...e ora, Carnage!
@?9
EH:
0/7
.EV
5VD
1eL	Giovanni Perini~Massimo Perini		Italian Night 1999
1:=
/D[
dQ
/^S
ZK
@Y
0/>
/Y
cE
QN
0i_
1;`
.W
/d
Dd
/h4
lO
5J5
14V
/6
.:b
0jY
1Uh
40
4Ce
Qh
Yc
_E
12d
;bX	Grzegorz Chłodziński		Miecze Valdgira II
?Xf
Ka4	Guy Henkel		Ooze - Creepy Nites
Q?	Hannes Seifert		1869
/<O
.;e
/:-
.7[
/NP
2>9
@2
F@
.GH
0<Q
.[Z
Vj
8-
/VZ
<Jd
199
/DJ
0CL
1EO
2U0
.EA			1869 (AGA)
02L
;K
4Cd
.\C
3KK
.:d
3OK
VR
.L;
2l4
2Ma
/bf
R5
12l
<T
5[<
.7^
2bB
I[
3:W	Helmut Melcher		The Champ
2La
CAk
K@	Ian Davenport~Wally Beben		Airmania
6`=
L@
H.;
2bP
2L[
5GB
.^:
1[
2K^
/fC
Q^9	Ian Moran		Striker
gO	Jail~Matthew Simmonds		Skizzo Demo II
/Gi
1jX
1-g
5P4
B@
8BM
/Jb
0Uj
.TS
<_A
3]V
3Q
/<^
7^
NKB	Jason Brooke		OutRun
0W\
GWh	Jean Baudlot		Bio Challenge
?EG
;Xg
MW
Kd0			Bio Challenge (Atari ST)
0[C			Castle Warrior
?:K
/hW
;6;
1/a			Cruise for a Corpse
/g@
=h/
f
31g
4^T
9I
6.Q
bX
.=O
/g>
5]`
E/1			Dragon Ninja
L]B
9B`
.bb
6_b			Future Wars
1TF
_a
0AG
?Yh
6Y]
fJ
K^
3i1
;JR
6_@			Operation Stealth
?1>
l2
.d
/dL
7-;
b3
4C
4Hi
<:K
.:C
/Wa
.]K			Operation Wolf
E4S
1BT
<^e
/k[
.24F	Jean Baudlot~Pierre-Eric Loriaux		Ivanhoe
FJ5	Jeff~Myxin		Willy Worm
00=
.23	Jens Onnen		Wild West World
6XM
d=
C.?
2j<	Jeroen Tel		Bard's Tale Construction Set
0OK
2`k
/A>
IGj
8b`
:Xf
.?4	Jezz Woodroffe~Philip Nixon		Elvira II
0LM
6?F
=fY
4^0
7Na
1/W
2FK
/j7
69<	Joerg Schwiezer		Cyber Zerk
Ti3			Subtrade
.YG
1L?	Joerg Schwiezer~Rudolf Stember		Flies
6fV
:lX
OO
2\M
4j?
9_S
efX	Jonathan Dunn		Addams Family
eFV			Bart Vs Space Mutants
G^H			Battle Command
?CU
2N-
.2BV			Darkman
XJ_			Lost Patrol
:?2			New Zealand Story
;KQ
AOb			New Zealand Story (demo)
0.[			Operation ThunderBolt
Db`
2\;			Rambo III
=NM
.Od
6eO
Gl/			Terminator 2
7R>			Voyager
5[[			Wild Wheels
.0_
5V1
D?a
0^2	Jonathan Dunn~Matthew Cannon		Batman The Movie
2Y\
2H9
8_U
>kC
0P4
.0F/	Julian Lefay		Zoom! (US)
4KU	Julio Martens~Ryo Inagaki		Son Shu-Shi
0BN
3a-
/7
.85
/i8
6.
4@@
/gB
@d0
1-U
jW
Cj
2hc
H;
0Nk
.S<
.S-
NE;	Kamil Piencak		Ve Stinu Magie
<G`
A8U
/FM	Karsten Obarski		Amegas
OWM			Crystal Hammer
djJ			Detector
TZJ			Future Tank
Ch]
Sh4			Oil Imperium
3lh
72/
4-F
4\B
?B[			Rallye Master
:/h			SarcoPhaser
6IY	Karsten Obarski~Matthias Steinwachs		Fate Gates Of Dawn
>UR	Keith Tinman		Head Over Heels
P>?
OT[			Hudson Hawk
/YZ
i8S			Midnight Resistance
<M_			Robocop 2
9aQ
/EK
Icf
7@K
>61			Robocop II
4Pc
2Wc
.\j
01l
E=Z
035
>]?	Keith Tinman~Matthew Cannon		Parasol Stars
:`;	Kevin Collier		Mr.Heli
8AB
0?V
I7O
.fd
7Ci
75b			Savage
I1/
8F=
/FQ
9E9	Klaus Bloemeke~Max Mann		Black Magic
=B2
Il^
33-
0Q8	Klaus Ude		Lin Wu's Challenge
\YQ
3ed
1Tj
6<R	Lee Wright~Tim Wright		Aquaventura
5Q
0bC
Za<
.^4	Lorenzo Toni		Dylan Dog - Gli Uccisori
7e
4C
f:
.[e
bH
iL
.7.
08g
0k_
WF
/I[
K8
1j?
OR
9R
bZ
=K
/3
WI
.?[
:Y
d4
0ba
3N`
/?G
/B:
.4S
0_
.>G
/O^
4jc
1-^
04[
H9
/07	Marc Francois/Sonix Systems~Mark Knight		Guy Spy
412
3UV
24V
=66
.GK	Marcin Jaranowski		Ciemna Strona
;`;
DL
/N]
3e:
CcE
7HA
.34
2I7	Mario Schultz		Space Pilot 89
3TX
kV	Mark Knight		Battletoads
0>b
5<9
/J`
=-S
/Oe
>1
Ma
2;E
8hF
gg
4JI
1Tg
.4@
W;			Wing Commander
/fU
.:-
5C
hE
1PU
1B\
/\T
.KQ
.F=
.L`
.B@
0?4
gS
`S
lg
9R
14Y
2<
3i
\D
2X
1i
ci
/S.
2?>
2Tg
?[
.gQ
C=
.gC
/V\
;5
DT
/Td
/c?
.K[
Z\
.48
@j
.J>
WP
UUY	Mark Wilson		Round The Bend
V-i	Martin Iveson~Matthew Simmonds		Agony
3f<
.N
<`U
P0	Massimo Perini		1000 Miglia
BKb
>g
3RI
.R=
?g\
1id
0NN
4d/
0K5
4Uj			3D World Boxing
2BM
MC?
3TB
dB			Dylan Dog - Attraverso Lo Specchio
15g
1EF
4GR
Kj
/[Z
/kg
0LS
@K
.4Y
H:
.aK
>4
0[R
1Ka
Hb
lk
BM
0N`
.CV
G?
2lW
0=>
.g=
/=T
0A3
0JH
56
QM
/hK
<a
.E2
DC8			Formula 1 3D
Vg2
..8A			G.P. Tennis Manager
1BS	Matt Bates		Deuteros
84l
@=e
Pj9
.J;	Matt Furniss		Arabian Nights
//<
>]
4U`
@l:
3EH
9/k
2@Y
/LD
.[4
2NR
c7
/_\			Space Harrier II
6OU
_]g
RDC			Torvak The Warrior
AL
5i:	Matthew Cannon		Elf
@Lg
./R_			F-29 Retaliator (Atari ST)
8e1			Navy Seals
5;=
<FQ
:PN	Matthew Simmonds~Tim Wright		Leander
>PG
_d
6aG
5.^
;G
/E\
24T
0J\
/:=	Matthias Steinwachs		AmberMoon
I?
.HZ
/1]
3R1
eD
.Rd
2M.
6CC
=Z
gD
.97
24Z
/^U
1W_
2`I
/0
];
af
9fk
\C
06F
.V[
/9.			Lionheart
77Q
.R5
C7X
AOT
02-
/J.
AF
0kJ
039
13h			Lionheart (demo)
=QJ
=d4
J8			Window Wizard
4^\
0gj
1-1
/ic
1Gl
E
?-W
8_
.D-
183
>./
8^	Nigel Pritchard		Times Of Lore
2?e
0TS
AWL
GAA
/B<
^1
1QW
0E.
TQ
.Xa
J@>	Nils Ruzicka		Dimo's Quest
<KF
4D_
.H/
9el
\Y
1E-			Langnese's - Stoppt den Calippo-Fresser
2Fj
?^T
KVW
8k=			Marvin Marvellous
04[
>-G
.bF
2.L
1Si
1AA
6<`
.?B
4^Q
B.
/J?
L>9			Sony Game
4e
W2
>GZ
/hY
>l`
JB=	Ott M		Roketz
IBl
0.k	Patrick Phelan		Lotus III
.=8
.OS
28Y
D3
3VZ
/^5
.VI
/^A
1TF
54a
1i6
2F4
.XB
/F8
e>
/2Q
.:N
06j
5/C
D;
/Va
M_k	Paul Summers		Everton FC
c/			Matrix Marauders
2@Q
:]U
<HJ	Paul Tankard		Potsworth & Co.
./h	Philippe Veriere		Quik The Thunder Rabbit
7LI
__
4[b
/D]
OV
.hb
4@U
TF
0/M
NG
:?[
/iP
.SF
/Oa
<M
07a
/fA
0gJ
1/g
/R9	Pierre-Eric Loriaux		Cabal
CO[
:lh
05k
1:f
1Ob
B?
M^
.2C
0VJ
ZAY			Liquid Kids
:La			Pang
B\J
7`C			Plotting
0WE
64L
?\D
:O[
03e
5?3
iGM	RMS Special		Roller Coaster Rumbler
eDV	Raffaele Valensise		Bowls
CX6			F1 Manager
>P8
CU?	Rainer Nilsen		Cedric (demo)
]W:
Q;g	Ramon Braumuller
C.2			Borobodur
D@e			Clock Wiser
Ji]			Hoi
.1If			Moon Child
F7Z	Raphael Gesqua		Snow Bros.
9.^
FO9
C6\	Ray Norrish		Anarchy
ki?			Ballistix
6Fg			Blood Money
P@C
F@^			Killing Game Show
P1
.<k
7Vf
6Va
@lc
35@			Ray Norrish 4
2V5
P?Y
07i
3JG
j0
8/Y
.=Q
BH			Spellbound
0JX	Richard Ede		Brian The Lion
2\
.7Z
.6N
Q@
0j;
1JP
33
]_
/-`
.].
8i
E5
4j
EH
lX
4I
8M
5f
0ZU
C1
/N:
/U5
0=M
>^
1lU
.W3
0_Z
Zl
0i
/Y[
.5C
R0
.73
C>
.-V
GZ
.hM
07Z
2d
.DX
/E[
5J
O^
9T
^C
.<Q
0ML
9K
Ub
dH
.>H
QN6	Richard Hooper		Crazy Cars 3
hKk	Richard Joseph		Cannon Fodder
Xb2			Chaos Engine
HFI			Gods
W?3			Magic Pockets
eW6			Mega-Lo-Mania
JVg			Sensible Soccer
g=D			StormBall
U@U	Richard van der Veen		Combine
D7k	Roberto Bardi		Extasy
8RL
RB
4lU
?;T
8V[			In The Dead Of Night
?^
21A
0H/
].-
WP.	Roman Werner		Eliminator
66g	Romeo Knight		Classic
jU
5l=
0._
1Ac
H/j
0F1
.O6
5f\	Ron Klaren
C0T
<4j
C3i
4cS			Battle Squadron
5VC
Qd
KK5
l0e			Battle Squadron (demo)
.V3			Beverly Hills Cop
3N[			Critical Music Disk #1
R^
26a
0a=
/3C
2H
38e
0NY
0Sb
0K1
.hk
6F0
9eP
6A/			Cyberblast
0V\
=G0			Plague
N.U
3eP
99Z
3f.			Promotion
@8;
.37
5Ui
.DL
8MQ
15F
;`P
/I
M@5	Rudolf Stember		Abenteuer Europa
bJ/			Amigo 91 Issue 4
6;;			Amigo 91 Issue 5
2XS			Anstoss
??P
4@;
76N
0O]
4LA
7/N			B.C.Kid
Cg:
18_
eL
.XJ
0CZ
34V
;Jc
HBI			BiFi
2@d			BiFi 2
Xd6
C^I			Crystal Palace
DOc
Z0I			Das Schmutzige Erbe
>TZ			Das Schwarze Auge - Die Schicksalsklinge
1XE
S.\
1Z8
37^
2d>			Das Telekommando 2
WRK
=ja
.0kL			Dino Park
ETC			Dungeons Of Avalon
PS0
_JZ			Dungeons Of Avalon 2
@EG
@8`			Egg Bros
_/4			Elefanten
NfZ			Energie Manager
1SD			Freak Out
^Ed
Z.L			Hanse
?AV
7eB			Kangarudy
26J
OM?
7h^
.db			Karamalz Cup - Eis Hockey
G=C
D^F
6W]
jaW			Kraft Ketchup
=cg			Logical
A8c
8[;
3KG
.QF
.LH
.>i			Mad TV
.Pg
.A\
W<
/ef
/C`
128
AES
G=`
5WC
Q4>			Metal Law
>7i
/JO
/_O			Mr.Nutz
6b@
.OM
.BR
CRG
6BB
2gk
0V]
15Q
/Cc
1CW
/K;
43H			Norse Gods
7;			Orbit
2YS
KWi
4A=			Patrician
8LQ
>Ug
5MM
5]Z
2^5
3\7
Y/G			Ramses
E.:
TM/			Realms Of Arkania - Blade Of Destiny
@T\
.TF			Software Manager
7fX
QeV
;EZ
0c9
K<B			The Oath
.S4
3a`
2=i
3W6
ak
dM
`@
=d-
6jE			Tony & His Friends in Kellogs Land
L27
BC;
JN
=aY			Tricky Quiky Games
:eN
1;N
3V>
22X			Ugh!
859	SLL		Bedroom Olympiad
2MW	Scott Cribbs		Hole-In-One
1I`
/6;
Ld
2@T
/5E
3kf
:M
/;@
5KK
4gc
FEk	Shadowfire		Turtle Smasher 2
1Ib
0W;	Slaughter~The Bax	Confusion	Pankracy
5IY
<7S
1.
0OM
^2
0F7
JR>
G;	Stephane Picq		Crash Garrett
8=			Jumping Jackson
:UE
F;7
3De
4E7
>iG
4X/			Spidertronic
AH<			Wanted
cVN	Steven Green		MegaTraveller
..^H			Pacific Islands
:Qc	Szymon Kosecki		Taekwondo Master
1g`
A3U
UA	Sławomir Mrożek		Draggy And Croco
/R5
LS
0H=
JE
QT
.T3
>>
.Ri
AO
/_7
9Z
/FY
Wd
/-Q
.\D
MO
C.
i8
1Z7
.6>
04j
.Og
EX
078
EM
6B
.1W
.QZ
3\1
aL
@f
D.
WE
.XT
K^
.[5
./?
1E_
.9h
.N
0Ie
.Z\
.?i
1_T
CXE	The Source		Predator
9`S	The Wyvern		Bomb-uzal
YSD	Thomas Lopatic		Denaris
B]c			Der Preis Ist Heiss
64T			Detonator
/E@
>PJ			Final Mission
7S\			Ganymed
QE=			Gluecksrad
1ae			In Eighty Days Around The World
6M			Katakis (1st version)
[f4			Katakis (2nd version)
;95			Phalanx II
1CM			Rainbow Arts Slideshow
Xc@			Ring-Side
9aj			Riskant!
PE			Street Gang
=3E			The Great Giana Sisters
4KG
^HS			Wetten, Dass..?
/LY			Zoom!
>Y5	Tim Bartlett		Beastlord
1D^
Yeg
/NU			Kid Gloves II
83O
C_
A4G
9i^
.g;
:EN
0gU
QjF	Tomas Dahlgren		Double Dragon II
:Af
=@G	Voyager		Krętacz
.lY
C<h
<:Z
/W6
4Q[
3ZH	W		S.T.A.G.
/2E	Łukasz Kałuski		American Poker
.1<-
